0.29,0.33196,0.38,0.43498,0.49793,0.56998,0.65245,0.74686,0.85493,0.97864,1.1202,1.2823,1.4679,1.6803,1.9235,2.2018,2.5204,2.8851,3.3025,3.7804,4.3274,4.9536,5.6704,6.4909,7.4302,8.5053,9.736,11.145,12.757,14.603,16.717,19.136,21.904,25.074,28.702
0,0,0.34161,1.708,0,1.0248,2.0496,0.68321,3.5071,7.3559,14.917,3.5071,5.9098,1.8219,5.6365,3.8943,0.71737,0.35299,0,0.011387,0.022774,0.011387,0.39854,0.022774,0,0,0.011387,0,0,0,0,0,0,0,0
0,0,0.19777,0.39553,2.1754,5.2234,25.954,6.3285,1.1866,7.4104,13.809,4.5137,2.4663,2.92,0.6631,0.023267,0.19777,0.61657,0.0698,0.30247,1.2913,1.9428,2.1405,0.63983,0.023267,0,0,0,0,0,0,0,0,0,0
0,0,0,0.76836,1.9209,4.226,9.2203,3.0734,4.226,2.3051,4.3028,3.8418,1.9209,0.38418,0.76836,0.76836,0,0,0.019209,0,0.48022,0.80678,0.40339,0.019209,0.076836,0.019209,0,0,0,0,0,0,0,0,0
0,0.47338,0,0.47338,1.4201,5.6805,14.769,10.509,20.545,28.939,82.225,58.951,24.395,23.385,20.324,5.5227,3.8028,0.047338,0.015779,0.015779,0.047338,0.015779,0.48916,0.063117,0.59961,1.1519,0.078896,0.015779,0,0,0,0,0,0,0
0,0.21884,0.65653,0.21884,1.0942,7.2437,21.928,17.77,20.44,34.271,108.85,36.328,19.171,44.513,30.857,7.7689,2.3635,0.65653,0,0,0,0.065653,0.087537,0.15319,0.087537,0.021884,0,0,0,0,0,0,0,0,0
0,0,0,3.9279,1.5712,0.81177,5.5384,11.011,2.3568,12.006,71.541,16.681,4.7397,10.304,0.078559,0.85105,0,0,0,0,0.013093,0,0.065466,0.026186,0.11784,0.052372,0,0,0,0,0,0,0,0,0
0,0.22988,0.91953,0.68965,1.8391,7.3563,9.4252,11.494,10.115,9.7471,14.023,5.0574,5.3793,3.5402,7.816,2.5747,0.68965,0,0,0,0.22988,0.22988,0,0,0,0,0,0,0,0,0,0,0,0,0
0,0.62377,0,0.62377,0.62377,1.8713,6.2533,3.7426,8.109,6.4248,48.966,25.668,8.7639,0.71733,4.3976,0.031188,0,0,0,0.031188,0,0,0,0.015594,0,0,0,0,0,0,0,0,0,0,0
0,0,0.61453,0.30726,0.92179,6.1606,14.226,5.2235,8.3115,9.2486,15.471,10.232,6.2067,5.3003,4.6704,0.62989,0.67598,0,0.32263,0.061453,0.12291,0.16899,0.076816,0.046089,0.33799,0.30726,0,0,0,0,0,0,0,0,0
0,0.016651,0.33301,0.33301,0,1.6651,0.66603,6.3273,3.9962,4.6955,11.722,2.3311,2.9971,0.69933,0.66603,0,0,0,0,0,0,0.049952,0.049952,0.083253,0,0.033301,0.016651,0,0,0,0,0,0,0,0
0,0.28363,0.8509,2.2691,1.7018,1.7018,1.1345,1.1345,3.4036,13.047,71.476,21.273,13.331,16.451,4.5382,3.12,1.1345,1.7018,0.28363,0,0,0.8509,0.56727,0,0,0,0,0,0,0,0,0,0,0,0
0,0,0.33583,0,0.67165,3.6941,2.0485,1.0243,2.3676,13.164,30.056,11.787,6.112,11.804,4.7184,0,0.67165,0,0.016791,0.35262,0.033583,0.3862,0.33583,0.016791,0,0.033583,0.033583,0.016791,0,0,0,0,0,0,0
0,0.29265,0.29265,0.5853,0.87795,4.4336,11.75,3.2191,2.3412,13.038,22.9,11.486,10.843,7.1114,1.7998,2.9558,0.10243,2.3412,0.30728,0.30728,0.014632,0.043897,0.36581,0.36581,0.029265,0.029265,0,0,0,0,0,0,0,0,0
0,0.12282,0,0.24564,0.73693,1.351,6.2762,1.8423,1.9652,13.412,26.321,4.8883,1.9652,2.8495,0.74921,0.73693,0.024564,0.036847,0.024564,0.049129,0.098258,0.30705,0.82291,0.073693,0.024564,0,0.012282,0,0,0,0,0,0,0,0
0,0,0,0,0,0.47326,0.15775,1.262,3.4075,6.3417,11.548,6.0578,2.2401,3.1866,1.262,0.31551,0,0.78877,0.64679,0,0.015775,0.015775,0.25241,0.047326,0.015775,0.015775,0,0,0,0,0,0,0,0,0
0,0,0,0.39691,0.39691,1.1907,11.51,39.691,64.394,81.096,111.09,60.536,21.544,26.751,14.781,3.207,0.80969,0,0.80969,0.047629,1.1907,0.41278,0.42866,0.015876,0.031752,0,0,0,0,0,0,0,0,0,0
0,6.4579,0,0,6.4579,13.142,142.66,161.71,284.41,324.25,1491.4,665.68,501.94,857.1,739.11,168.46,13.077,6.4579,0,0.096869,0.096869,0.096869,0.16145,0.16145,0.064579,0.03229,0,0,0,0,0.03229,0,0,0,0
0,0.33856,0.67712,6.7712,18.373,7.2001,35.775,25.527,5.4621,3.9047,23.338,5.6652,2.8665,0.74483,0.045141,0,0.67712,0,0,0,0,0.022571,0.40627,0.022571,0.3837,0.022571,0.33856,0,0,0,0,0,0,0,0
0,0,0,0.37408,0.37408,0,0.74817,2.2445,4.1149,1.4963,12.078,5.3441,1.9773,1.9239,0.74817,0,0,0,0,0.053441,0,0,0,0,0,0,0,0,0,0,0,0,0,0,0
0,0,0,3.6236,3.6236,4.8717,30.197,19.406,16.95,48.415,214.62,58.481,40.242,19.527,5.0126,2.4157,2.4359,0.020131,0.060393,0.020131,0.16105,0.22144,1.4293,0.2617,1.5098,0.12079,0.10066,0.020131,0,0,0,0,0,0,0
0,0,0,0,1.1281,9.0703,46.389,57.581,14.846,63.605,133.91,99.999,85.288,59.25,104.74,27.301,2.2563,0,0,0.022563,1.1507,0.11281,1.1281,0.067689,0.067689,0.022563,0.022563,0,0,0,0,0,0,0,0
0,0.33301,0.99904,1.6651,0,4.6622,20.647,44.291,7.0266,28.672,170,78.724,27.007,22.445,26.075,3.3967,0.73263,0.66603,0,0.049952,0.033301,0.36632,0.48287,0.18316,0.59943,0.83253,1.1489,0.016651,0,0,0,0,0,0,0
0,0,0,0.54406,0.38861,0.38861,0.15544,0.38861,0.77722,3.4198,9.5599,3.3421,2.254,2.0985,0.85495,0.31089,0.46633,0.46633,0.38861,0.77722,0.85495,0.6995,0.77722,0.15544,0,0,0,0,0,0,0,0,0,0,0
0,0.53636,0.53636,0.80455,1.8773,4.0227,4.0227,2.6818,7.7773,21.723,61.682,31.109,17.432,18.236,15.555,7.2409,2.4136,1.3409,0,0.53636,0,0.26818,0,0.26818,0,0,0,0,0,0,0,0,0,0,0
0,0,0.12166,0.48664,0.72996,4.7448,7.7998,2.0953,0.39202,12.166,51.097,22.007,13.315,17.141,4.8935,0.25684,0.13518,0,0.1487,0.040554,0.1487,0.081107,0.054071,0.040554,0.054071,0.12166,0,0.013518,0,0,0,0,0,0,0
0,0.37256,0,0,0,2.9805,7.8536,2.2503,3.0103,12.101,50.012,29.402,8.6583,11.788,5.3201,2.3099,0.074512,0.78983,0.43217,0.84944,0.53649,0.93885,0.67061,0.98356,0.014902,0,0,0,0,0,0,0,0,0,0
0,0,0.56649,0.37766,1.5106,1.5106,8.4973,1.5106,1.5106,24.926,52.117,17.939,10.763,10.574,2.0771,1.133,0,0,0.37766,0,0.18883,0,1.133,0.18883,0.18883,0,0,0,0,0,0,0,0,0,0
0,0,0,0,0,0.38468,0.19234,0.38468,0.38468,2.6927,2.6927,1.3464,0.38468,0.76935,0,0,0,0,0.38468,0.19234,0.38468,0.19234,0,0.19234,0,0,0,0,0,0,0,0,0,0,0
0,0,0,0,1.0903,3.2709,5.088,17.503,28.813,33.145,26.574,13.898,1.6136,3.4598,2.5876,0.77047,0.72686,0,0.77047,1.1194,1.192,1.9334,0.46519,0.13083,0.014537,0,0.36343,0,0,0,0,0,0,0,0
0,2.9186,20.43,5.8372,20.43,37.99,163.88,55.648,116.94,213.76,541.81,189.59,114.34,322.51,283.91,85.831,3.0159,0,0.024322,0.097287,3.3807,0.75397,0.82694,0.12161,0.024322,0,0.024322,0.024322,0,0,0,0,0,0,0
0,0,1.6997,33.336,26.19,2.8965,34.931,22.513,5.7583,8.4987,26.988,6.8857,4.1626,2.1507,1.3702,0,0.52033,0,0,0,0,0.017344,0.086721,0.052033,0.29485,0.069377,0.017344,0,0,0,0,0,0,0,0
0,0,0.33684,0.84209,2.3579,5.4153,7.7473,8.8873,8.7578,5.8558,10.546,4.353,3.9773,3.0186,5.4412,2.0728,0.91982,0.025911,0.25911,0.64776,0.99756,0.89391,0.15546,0.025911,0,0,0,0,0,0,0,0,0,0,0
0,0,0,2.5602,3.8402,6.4004,32.002,17.921,16.641,16.684,169.35,78.234,14.166,6.4431,5.1203,7.6805,2.5602,0,0,0.042669,0.042669,0.042669,0.064004,0.042669,0.042669,0,0,0.021335,0,0,0,0,0,0,0
0,0,0,0.45913,0.91825,5.5095,16.069,42.24,6.4278,31.84,44.742,55.279,18.962,24.426,15.151,2.7777,1.3774,0,0,0.045913,0.045913,3.3746,0.68869,0.61982,0.16069,0,0,0,0,0,0,0,0,0,0
0.33301,0.33301,0.99904,0.33301,0.66603,0.33301,5.6612,6.9933,6.0276,26.408,97.473,44.091,16.684,35.466,28.306,4.3292,1.3654,0.33301,0.016651,0,0.33301,0.13321,0.43292,1.049,1.3987,0.11655,0.066603,0,0,0,0,0,0,0,0
0,0,1.4328,12.208,30.806,22.209,4.3415,4.2985,7.1785,13.698,17.337,22.266,10.818,14.529,6.5767,5.7743,1.5188,0.90269,0.87403,0.98866,2.6078,2.5648,0.14328,0.87403,0.028657,0.014328,0.014328,0.71642,0,0,0,0,0,0,0
0,0,2.7856,5.5711,13.928,5.5711,61.282,16.753,20.931,146.52,287.83,172.49,109.11,150.96,154.76,39.117,4.1783,0,0.039794,0,2.8651,0.039794,0.039794,0,0,0,0,0,0,0,0,0,0,0,0
0,0,0,0.26092,0.52184,2.0874,8.8713,6.2621,7.3057,28.44,49.575,15.133,9.3931,11.48,3.9138,3.6529,0.78276,0,0,0.52184,0.26092,0,0,0,0.52184,0,0,0,0,0,0,0,0,0,0
0,0,0,14.571,51,178.5,466.29,404.36,131.14,258.64,448.07,240.43,153,218.57,116.57,21.857,0,7.2857,0,3.6429,0,0,0,0,0,0,0,0,0,0,0,0,0,0,0
0,0.10135,0.18243,32.534,134.03,223.91,231.69,207.35,203.48,232.58,171.73,98.434,41.311,24.73,8.169,0,0.020271,0,0.020271,0.060812,0.060812,0.14189,4.1352,0.10135,13.216,0.26352,0.020271,0,0,0.020271,0,0,0,0,0
0,0,0,4.0789,28.552,28.552,126.45,248.81,89.736,118.29,69.341,69.341,32.631,36.71,24.473,8.1578,0,0,0,0,0,0,0,0,0,0,0,0,0,0,0,0,0,0,0
0,1.7492,0,6.9967,13.119,20.115,13.119,21.865,7.8713,9.6204,1.7492,1.7492,0,0,0,0,0.87458,0,0,0,0,0,0,0,0,0,0,0,0,0,0,0,0,0,0
0,0,16.728,26.8,331.32,244.28,167.3,254.34,234.23,240.99,123.89,254.34,60.345,40.306,6.7089,0,0.035217,0.017609,0.035217,0,0,0,0,0,0,0,0,0,0,0,0,0,0,0,0
0,0,3.0885,3.0885,1.5624,7.7393,21.628,47.944,109.81,230.45,281.47,117.7,97.641,86.922,49.533,0.081753,1.5624,0.036335,0.018167,0.0090837,1.5624,0.027251,0.018167,0.018167,0.027251,0,0,0.0090837,0,0,0,0,0,0,0
0,2.4728,2.4728,4.9456,14.837,7.4184,22.255,42.038,46.983,98.913,128.59,29.674,34.619,29.674,9.916,4.9456,0,0,0,0,0.012364,0,0,0,0.012364,0,0,0,0,0,0,0,0,0,0
0,0,0.67533,3.3766,10.513,12.235,35.342,44.504,30.232,29.298,34.048,23.884,19.404,21.43,9.2295,0.34892,0.7316,1.013,0.033766,0,0.011255,0.33766,0,0,0,0,0,0,0,0,0,0,0,0,0
0,11.078,0,11.078,66.47,121.91,288.04,188.33,299.12,1916.6,2969,1817,1396.2,1772.7,376.84,44.402,0.044313,0,0,0,0,0,0.044313,0,0,0,0,0,0,0,0,0,0,0,0
0,1.4255,1.4255,14.264,12.134,13.56,14.255,30.648,49.179,76.975,40.644,36.367,5.7019,5.7019,1.4255,0.71273,0.72164,0.73946,0.017818,0.035637,0.035637,0,0,0.017818,0.035637,0,0,0,0,0,0,0,0,0,0
0,1.8574,31.577,36.22,12.073,13.018,22.289,45.507,24.147,14.86,2.8481,0.030957,1.8574,0,0,0,0.9442,0.030957,0,0,0,0.9442,0.015479,0,0,0,0,0,0,0,0,0,0,0,0
0,0,0,3.9543,11.863,23.844,106.98,103.29,135.18,444.7,378.35,274.41,207.14,364.94,198.29,79.244,39.563,8.1063,0.15817,4.1718,0.21749,0.098857,0.079086,0.098857,0.059314,0.019771,0.039543,0,0.039543,0,0,0,0,0,0
0,0,0,44.246,29.497,235.98,412.96,634.19,575.19,943.9,988.15,368.71,280.22,693.18,442.46,88.491,0,0,0,0,0,0,0,0,0,0,0,0,0,0,0,0,0,0,0
0,0,0.023569,56.564,495.46,835.67,1062.3,978.85,1771.6,2807,1291.5,568.24,383.39,142.54,85.177,0.047137,0,0.023569,0,0.023569,0.023569,0,0.023569,0.047137,14.212,0.047137,0,0,0,0,0,0,0,0,0
0,0,0,30.23,25.897,104.6,307.44,296.56,436.83,491.64,368.71,202.64,154.27,130.49,60.259,9.6736,3.2245,7.5575,0,0,0,0,0,0,0,0,0,0,0,0,0,0,0,0,0
0,0.45085,1.8034,3.6519,10.054,35.422,88.065,98.766,47.91,35.557,24.481,5.8159,3.712,1.1572,0.57107,0.16531,0.78147,0.18034,0.015028,0.015028,0,0.015028,0,0.060113,0.090169,0.015028,0,0,0,0,0,0,0,0,0
0,0.70309,2.1093,7.0309,18.28,24.608,47.201,76.637,91.543,116.2,119.99,203.9,72.7,61.544,9.1402,2.1093,0.70309,0,0,0.14062,0.14062,0.14062,0.093746,0,0,0,0,0,0,0,0,0,0,0,0
0,0,7.3827,14.765,70.135,84.901,136.58,265.78,461.42,1686.9,1498.7,926.53,575.85,468.8,129.2,51.679,11.074,0,3.6913,0,0,0,0,0,0,3.6913,0,0,0,0,0,0,0,0,0
0,7.6982,7.6982,5.1321,7.6982,17.962,33.359,35.925,115.47,436.38,416.01,295.25,146.37,159.3,51.424,10.264,2.6174,2.6174,0.10264,0,0,0,0,0,0,0,0,0,0,0,0,0,0,0,0
0,0.82132,3.0799,3.9012,5.3488,8.6546,18.931,22.258,34.002,55.849,61.475,50.398,46.846,31.025,9.6607,1.2833,0.45172,0.2156,0.010266,0.061599,0.030799,0.071865,0.11293,0.092398,0.49279,0.061599,0.020533,0.010266,0.010266,0.010266,0,0,0,0,0
0,0,0,1.1331,5.6653,22.661,33.992,43.056,57.786,61.185,29.459,22.661,4.5322,10.198,9.0645,4.5322,0,0,0,0,0,0,0,0,0,0,0,0,0,0,0,0,0,0,0
0,0,7.9133,15.827,52.769,79.146,100.26,123.98,224.32,643.8,960.66,372.24,224.62,332.89,52.953,13.189,15.879,0.052755,0,0.013189,0,0.013189,0.039567,0.052755,0,0.039567,0.013189,0,0,0,0,0,0,0,0
0,1.2149,4.8596,9.7192,30.372,29.158,37.662,31.587,35.232,81.398,47.381,53.455,7.2894,4.8596,4.8596,0,0,0,0,0,0,0,0,0,0,0,0,0,0,0,0,0,0,0,0
0,0.28725,3.0449,4.6248,5.3142,2.4704,5.3429,9.8528,9.3358,3.9354,2.6427,1.149,0.63196,0.057451,0.45961,0.028725,0.17235,0.028725,0,0,0,0,0.028725,0.14363,0.057451,0,0,0,0,0,0,0.028725,0,0,0
0,0,0,0,0,20.648,5.8941,17.682,29.544,141.72,112.52,124.38,83.235,147.76,112.65,59.235,23.724,3.0391,3.0023,3.0391,0.22103,0.092095,0.11051,0.12893,0.092095,0,0.036838,0.092095,0.036838,0,0,0,0,0,0
0,0,0,34.424,172.12,367.19,860.6,665.53,344.24,722.91,814.7,367.19,481.94,539.31,390.14,22.949,0,0,11.475,0,0,11.475,0,0,0,0,0,0,0,0,0,0,0,0,0
0,0,49.568,37.176,136.31,198.27,235.45,458.5,458.5,297.41,198.27,111.53,99.136,24.784,0,0,0,0,0,0,0,0,0,0,0,0,0,0,0,0,0,0,0,0,0
0,0,0,0,44.75,186.46,290.88,343.08,313.25,626.5,596.67,335.63,372.92,119.33,44.75,14.917,0,0,0,7.4584,7.4584,0,0,0,0,0,0,0,0,0,0,0,0,0,0
0,0,0,107.19,524.56,904.42,1778.9,1532.4,1016.7,1881.3,2106.3,1477.9,180.93,129.75,72.982,35.731,31.676,0,0,0,0,0,0,0,0,0,0,0,0,0,0,0,0,0,0
0,0,0,144.07,129.66,656.95,1331.2,2805,5631.6,17991,19685,16177,17483,15286,3799.1,141.19,8.644,17.288,105.17,17.288,11.525,0,0,0,0,0,0,0,0,0,0,0,0,0,0
0,17.701,70.804,17.701,36.676,125.89,180.83,626.05,627.32,1995.8,2356.9,1391.3,1496.1,1759.6,1263,213.69,53.669,36.393,37.668,18.834,35.968,1.1329,17.701,17.984,0,0.14161,0,0,0,0,0,0,0,0,0
0,0,0,16.591,18.664,22.812,33.181,58.077,105.81,118.27,93.395,29.075,16.622,20.78,22.822,6.2215,4.1476,6.2422,0,2.0738,2.0738,0,2.0738,0,0,0,0,0,0,0,0,0,0,0,0
0,0,23.38,40.079,86.839,250.5,257.18,661.58,886.42,1009.9,901.52,322.77,240.34,243.68,126.38,31.128,3.7407,10.287,0,3.3399,0,0,0,0,0,0,0,0,0,0,0,0,0,0,0
1.2851,1.2851,1.2851,6.4254,8.9955,65.539,59.113,74.534,92.525,79.675,56.543,43.693,16.706,10.281,5.1403,6.4254,1.2851,0,0,0,0,0,0,0,0,0,0,0,0,0,0,0,0,0,0
0,0,0,8.9841,5.9894,35.937,32.942,38.931,23.958,35.937,80.857,50.91,17.968,5.9894,11.979,5.9894,0,0,0,0,0,0,0,0,0,0,0,0,0,0,0,0,0,0,0
0,0,1.5216,0,38.041,45.649,44.127,68.473,79.124,205.42,181.07,71.516,95.862,104.99,24.346,1.5216,0,0,0,0,1.5216,0,0,0,0,0,0,0,0,0,0,0,0,0,0
0,9.1319,41.144,98.27,111.94,68.54,61.767,100.55,171.48,135.15,87.464,64.228,50.657,30.465,16.488,2.6381,5.0479,4.9465,0.050733,2.3337,0.050733,0,0,0,0.025366,0.025366,0,0,0,0,0,0,0,0,0
0,0,0,32.282,322.82,64.564,187.27,161.54,335.86,1272.6,1893.7,1285.6,788.51,633.95,445.62,116.28,116.34,6.4564,6.5209,0.16141,13.429,0.51651,0.51651,0.58107,6.7792,0.096845,0.25825,0.38738,0.22597,0,0,0,0,0,0
0,0,0,0,0.086616,1.126,7.384,2.5985,3.8977,9.7876,23.863,24.642,18.319,16.803,6.5395,1.8189,0.86616,0,0.10827,0,0,0,0,0.064962,0,0,0,0,0,0,0,0,0,0,0
0,0,0,0,0.17793,0.44482,1.8238,3.5141,3.781,5.8716,2.9803,2.0462,1.9127,3.2027,3.4251,1.4679,0.53378,1.112,0.93412,0.71171,0.26689,0.17793,0.88964,0.35585,0.17793,0,0,0,0,0,0,0,0,0,0
0,0,0,0,0.013648,0.21837,0.65511,2.3065,7.7522,9.1033,2.7296,3.2483,2.1018,0.7643,1.6651,1.0373,0.62782,0.3412,0.081889,0.068241,0.027296,0,0.013648,0,0.013648,0,0,0,0,0,0,0,0,0,0
0,0,0,0,0,1.3841,2.1751,40.276,86.199,109.1,52.411,34.9,32.354,40.646,18.352,2.8424,1.3594,0.86508,0.07415,0.72914,0.086508,0.061791,0,0.012358,0,0.012358,0,0,0,0,0,0,0,0,0
0,0,0,0,0.18091,1.6055,2.8041,2.2839,1.3342,2.2839,3.3242,1.5829,1.1307,0.70101,0.65579,0.31659,0.090453,0.045227,0,0.045227,0,0.022613,0,0,0,0,0,0,0,0,0,0,0,0,0
0,0,0.60041,0.3002,0.60041,0.3002,1.8012,4.8033,6.0041,29.42,30.621,38.426,27.319,62.443,40.828,5.1035,2.4016,0,0,0,0,0,0.3002,0,0,0.3002,0,0.037526,0,0,0,0,0,0,0
0,0,0,0,0,1.3729,10.983,4.1186,4.5763,23.797,85.576,59.949,66.356,92.898,62.237,6.8644,5.4915,0,0,0,0,0,1.3729,0,0.0099484,0,0.0099484,0,0,0,0,0,0,0,0
0,0,0.050144,0,0.11282,0.45129,1.8553,3.8611,4.4879,9.4019,9.7906,8.4868,5.7038,4.9015,3.7482,1.5043,0.86498,0.18804,0.28833,0.18804,0.1379,0.21311,0.1379,0.23818,0.087752,0.037608,0.025072,0,0,0,0,0,0,0,0
0,0,0,0,0,4.489,14.996,10.524,13.977,24.007,22.692,7.9585,7.4159,5.9196,7.827,4.6205,3.9299,1.2661,0.97015,2.3843,1.2004,0.62484,0.32886,0.24665,0.1151,0.04933,0,0,0,0,0,0,0,0,0
0,0,0,0,0,0,0,0,0.035762,0.023842,0.035762,0.17881,0.059604,0.13113,0.14305,0.047683,0,0.011921,0.047683,0.083446,0.023842,0.035762,0.035762,0.071525,0.083446,0.011921,0,0.011921,0,0,0,0,0,0,0
0,0,0.086847,0.052108,0.10422,1.9975,1.2506,0.41687,1.8412,2.7617,4.7418,3.3349,1.3027,1.7717,0.86847,0.72951,0.24317,0.017369,0.069478,0.052108,0.069478,0.086847,0.052108,0.017369,0,0,0,0,0,0,0,0,0,0,0
0,0,0,0.13155,0.26309,2.2363,3.1571,4.8672,9.7344,19.337,37.885,13.812,3.5517,5.1303,4.0779,1.3155,0.78928,0.13155,0.13155,0.13155,0.13155,0,0,0,0,0,0,0,0,0,0,0,0,0,0
0,0,0,0.10765,0.16147,0.10765,1.0226,3.0679,7.4814,13.187,4.0905,1.3994,0.59205,3.0141,2.745,2.8526,3.6061,1.6685,0.6997,0.4844,0.26911,0.64587,0.21529,0.053823,0.053823,0.053823,0,0,0,0,0,0,0,0,0
0,0,0,0.36823,0.55235,1.1047,2.5776,7.1805,28.906,54.13,32.404,16.202,5.8917,17.859,6.9964,6.2599,3.6823,1.2888,1.2888,0.92058,0.36823,0.36823,0,2.4856,2.3014,2.3014,2.3014,2.3014,0,0,0,0,0,0,0
0,0,0,0,0,0.95505,4.1385,1.4326,2.0693,8.7546,13.53,13.371,15.281,27.696,8.4363,2.706,0.95505,0.47752,0.15917,0.15917,0,0,0,0.15917,0,0,1.9897,0,0,0,0,0,0,0,0
0,0,0,0.086794,0.086794,0.34718,4.3939,6.2492,6.2926,18.758,11.88,3.5369,5.826,2.2349,1.2694,0.73775,0.85709,0.28208,0.11934,0.20614,0.010849,0.010849,0.010849,0.032548,0.021699,0,0,0,0,0,0,0,0,0,0
0,0,0,0,0.21425,2.571,2.812,6.8694,24.023,60.205,49.519,12.48,8.0478,5.5973,10.137,9.6413,6.1865,7.7666,3.3343,1.6872,1.3257,0.5758,0.16069,0.026781,0,0,0,0,0,0,0,0,0,0,0
0,0,0,0,0,0.089561,0.26868,0.53737,0.53737,2.866,2.1943,0.67171,1.3882,1.6569,1.0747,0.49259,0.67171,0.31346,0.44781,0.31346,0.089561,0,0,0,0,0,0,0,0,0,0,0,0,0,0
0,0,0,0,0.63723,1.9117,13.382,82.601,201.97,270.9,99.796,12.386,14.726,16.05,17.564,11.301,8.7121,4.9983,1.2745,1.6229,1.384,0.48788,0.05974,0.35844,0.019913,0,0.0099567,0,0,0,0,0,0,0,0
0,0,0,0.12948,0.23018,0.47475,1.9853,1.4962,0.633,4.0857,23.392,5.0208,8.4735,13.624,4.0569,4.8338,6.0854,0.96388,0.82002,0.30211,0.34527,0.12948,0.086318,0.028773,0.028773,0.028773,0,0,0,0,0,0,0,0,0
0,0,0,0,0,0,0.70605,3.5596,11.061,63.015,120.79,23.653,16.474,52.836,19.681,13.68,20.416,7.1193,3.9715,1.0296,0.29419,0.058837,0.029419,0.088256,0,0,0,0,0,0,0,0,0,0,0
0,0,0.22674,0.45347,0.22674,1.8139,0.90695,2.7208,15.872,19.273,10.43,7.2556,4.7615,2.7208,2.2674,3.4011,1.3604,0.90695,0.45347,0,0.45347,0,0,0.22674,0,0,0,0,0,0,0,0,0,0,0
0,0.2221,0.4442,0.2221,0.8884,1.5547,0.8884,49.972,222.99,412.88,91.727,13.77,5.9967,17.102,10.661,7.5514,5.9967,4.2199,1.5547,0.8884,0.4442,0.4442,0.2221,0,0.6663,0.2221,0.2221,0,0,0,0,0,0,0,0
0,0,0.10153,0.1523,0.55844,0.60921,1.8276,2.9445,4.2644,15.078,12.387,9.595,6.1936,8.1735,2.183,2.2845,0.65997,0.3046,0.35537,0.10153,0.20307,0.050767,0,0.050767,0,0,0,0,0,0,0,0,0,0,0
0,0,0.014071,0,0.11257,0.67541,1.9277,5.6144,7.6406,34.713,23.471,17.462,13.508,15.746,7.7813,6.1631,3.6444,1.4353,0.5347,0.71763,0.18292,0.18292,0.014071,0.014071,0,0,0,0,0,0,0,0,0,0,0
0,0,0,0.044187,0,0.30931,0.13256,0.066281,1.3698,6.3187,6.4292,1.7122,2.1431,1.8006,2.1762,1.9111,1.0715,0.98316,0.71804,0.5192,0.12151,0.011047,0.03314,0.055234,0.022094,0.011047,0,0,0,0,0,0,0,0,0
0,0,0,0,0,0.029213,0.49662,1.3292,7.5662,9.874,50.538,10.064,32.748,57.33,21.851,21.136,19.251,2.0011,0.29213,0.58426,1.2708,0.54044,0.20449,0.014606,0,0,0,0,0,0,0,0,0,0,0
0,0,0,1.1827,2.9568,5.9135,24.245,65.049,134.83,138.38,115.9,141.92,102.9,50.265,75.693,62.683,39.621,22.471,15.375,5.3222,5.3222,0,0.59135,0,0,0,0,0,0,0,0.01848,0,0,0,0
0,1.7741,2.5132,0.88703,0.29568,0.59135,2.9568,13.749,36.368,37.551,17.888,11.088,11.531,10.201,6.5049,3.4003,4.583,7.3919,2.9568,0.73919,0.14784,0.14784,0.14784,0.44351,0.14784,0,0,0,0.14784,0,0,0,0,0,0
0,0,1.8011,1.8011,3.6022,12.608,18.011,163.9,576.35,1480.5,457.48,113.47,32.42,34.221,36.022,52.232,28.818,34.221,1.8011,3.6022,5.4033,1.8011,1.8011,0,0,0,0,0.028142,0,0,0,0,0,0,0
0,0,0,0.29568,0.88703,1.1827,3.2524,10.053,44.351,151.68,105.85,69.78,89.885,81.607,30.455,19.515,21.88,16.558,8.2789,5.0265,3.2524,2.3654,0.88703,0.88703,0,0,0,0,0,0,0,0,0,0,0
0,0.056284,0.56284,2.3639,0.84427,0.45028,0.78798,1.5197,3.1379,5.5722,5.9099,3.9399,2.2936,1.3227,1.1398,0.71763,0.25328,0.59099,0.87241,0.070356,0.12664,0.056284,0.014071,0.084427,0.014071,0,0.014071,0,0,0,0,0,0,0,0
0,0,0,0.36959,0.14784,0.073919,0.81311,1.5893,2.6611,8.7594,4.2134,2.0697,2.8089,5.6548,3.4742,2.5132,2.1806,1.2936,0.99791,0.85007,0.44351,0.36959,0.40655,0.29568,0.51743,0.88703,0.85007,0.22176,0.14784,0,0,0,0,0,0
0,0,0,0,0.33264,0.29568,1.4229,2.6796,15.116,39.399,12.141,5.3037,2.6241,4.6939,3.8438,2.1252,4.121,3.0492,1.0903,1.5523,2.4948,2.698,1.0718,0.073919,0.22176,0,0,0,0,0,0,0,0,0,0
0,0,0,0,0,0.88703,3.3448,10.349,33.097,67.747,37.957,29.087,9.2584,11.531,18.923,7.8539,4.8787,3.5112,1.7556,1.1642,1.5893,0.46199,0.42503,0.62831,0.01848,0,0,0,0,0,0,0,0,0,0
0,0,0,0.11257,0.45028,0.15478,0.68948,4.348,22.063,13.607,7.725,4.0384,4.6997,9.104,10.202,2.9971,2.3217,0.90055,1.1538,2.3077,1.1257,0.50656,0.084427,0,0,0,0,0,0,0,0,0,0,0,0
0,0.073919,0.073919,0.29568,0.66527,0.22176,0.29568,1.5708,2.2176,5.3961,2.9568,0.73919,0.73919,0.83159,1.2012,0.38807,0.94247,0.99791,0.97943,1.4229,0.83159,0.22176,0.092399,0.01848,0,0,0,0.01848,0,0,0,0,0,0,0
0,0.59135,0.59135,3.5481,1.1827,1.7741,4.7308,103.49,502.65,909.5,348.9,37.255,12.418,11.236,17.741,10.644,4.7308,2.3654,0.59135,0,1.1827,0,0,0,0.59135,0,0.59135,0,0,0,0,0,0,0,0
0,0,0,0,0,1.8011,1.8011,7.4295,20.488,29.493,36.022,31.069,22.063,12.608,9.2306,7.6547,6.0787,5.1782,3.3771,1.576,1.3508,0.67541,1.3508,0.22514,0.90055,0.45028,0.49249,0.028142,0,0,0,0,0,0,0
0,0,0.29568,1.848,0.77615,0,0.1848,0.51743,0.70223,2.1991,0.99791,0.90551,0.31416,0.79463,0.14784,0.25872,0.055439,0.14784,0.01848,0.20328,0.055439,0.01848,0.01848,0.01848,0,0,0,0,0,0,0,0,0,0,0
0,0,0.073919,0.22176,0.073919,0.1848,0.96095,0.81311,3.6959,4.9895,4.2134,1.5893,0.51743,1.6817,0.24024,0.48047,0.36959,0.092399,0.11088,0.01848,0.036959,0.11088,0.055439,0.055439,0,0,0,0.01848,0,0,0,0,0,0,0
0,0.14784,1.5153,2.3839,1.6262,0.88703,3.7883,6.6712,5.6733,23.303,42.356,9.5725,3.6405,4.2134,4.9156,0.68375,1.0533,1.0718,0.70223,1.386,0.1848,0.57287,0.38807,0.036959,0.01848,0.055439,0,0,0.01848,0,0,0,0,0,0
0,0,0,0.22176,0.14784,0.073919,0.073919,0.14784,0.85007,0.79463,0.97943,0.73919,0.25872,1.6262,0.59135,0.33264,0.22176,0.055439,0.1848,0.16632,0.055439,0.055439,0,0,0.01848,0.036959,0,0,0,0,0,0,0,0,0
0,0.65947,2.8027,4.2865,9.3974,4.946,1.4838,2.3081,8.4082,18.96,30.5,16.157,4.1217,4.2865,3.7919,3.1325,1.8135,1.3189,1.8135,0,1.1541,0.32973,0.16487,1.1541,0.65947,0,0,0,0,0,0,0,0,0,0
0,0.18967,3.6037,5.1211,3.0347,2.4657,1.707,1.707,3.2244,6.2591,16.311,6.8281,2.276,4.552,3.414,2.0864,1.8967,0.37934,1.138,1.3277,1.707,2.0864,1.138,1.5173,1.3277,0.39119,0.37934,0.023709,0.011854,0,0,0,0,0,0
